Ethical / Moral,Religious,Lifestyle,Cultural Norms,Traditions,History,Technology
1. Is it ever justifiable to sacrifice individual rights for the greater good of society?,1. Should religious institutions have a role in shaping governmental policies and laws?,1. Is prioritizing work over personal life beneficial or detrimental in the long term?,1. Should individual expression be prioritized over societal expectations?,1. Is it important to preserve traditional festivals even if their original meanings have evolved or diminished?,"1. How do different cultures interpret and commemorate historical events, and what impacts do these interpretations have on international relations?",1. How does the rapid advancement of technology redefine what it means to be human?
2. Should wealthy nations have a moral obligation to aid poorer countries?,2. Is it possible for science and religion to coexist harmoniously?,"2. Should dietary choices be guided by health concerns, ethical beliefs, or cultural traditions?",2. How do dress codes reflect and reinforce cultural values?,2. How should societies balance the preservation of traditions with the need for modernization and progress?,2. Should artifacts taken during colonial eras be returned to their countries of origin?,"2. Can artificial intelligence develop consciousness, and what would that imply about the nature of existence?"
3. Can war ever be considered a morally acceptable means to resolve conflicts?,3. Should religious beliefs influence decisions on medical treatments and healthcare?,3. Is living with extended family more advantageous than establishing an independent household?,3. Is it important to maintain traditional gender roles in modern societies?,3. Should traditional practices that conflict with contemporary ethical standards be reformed or discontinued?,"3. How has the portrayal of historical figures changed over time, and what does this reveal about evolving societal values?",3. How does technology influence our understanding and perception of reality?
4. How should societies balance the right to privacy with the need for security?,4. How does globalization impact traditional religious practices and beliefs?,4. How does the pervasive use of technology influence our daily routines and social interactions?,4. Should punctuality be considered a universal standard of respect?,4. Can the adaptation of traditions to fit modern contexts dilute their cultural significance?,4. Is it important to preserve historical sites even when it hinders modern development?,"4. Should ethical constraints be placed on technological innovation, and who should determine them?"
5. Is it ethical to use animals for scientific research and testing?,5. Should religious teachings adapt to align with modern societal values?,5. Should urban living be favored over rural lifestyles for better opportunities and quality of life?,5. How does the concept of personal space vary across different cultures?,5. Is it essential for younger generations to uphold the traditions of their ancestors?,5. How do collective memories of past conflicts shape national identities and policies today?,5. In what ways does technology shape our methods of acquiring and validating knowledge?
6. Should freedom of speech have limitations when it comes to hate speech?,6. Can interfaith marriages strengthen or weaken cultural and religious identities?,"6. Is consumerism sustainable, or should societies shift towards minimalism?",6. Should public displays of affection be accepted regardless of cultural norms?,6. How does globalization impact the continuation and authenticity of cultural traditions?,"6. Should nations be held accountable for the actions of previous generations, and how should they address historical injustices?",6. Does the integration of technology into daily life enhance or diminish human relationships and community values?
7. Do individuals have a moral responsibility to reduce their environmental impact?,7. Is it ethical to impose religious beliefs on others through proselytization?,7. How do varying parenting styles across cultures impact child development and societal values?,7. Is collectivism more beneficial than individualism in community development?,7. Should traditions be protected even if they inhibit social integration in multicultural societies?,7. How does the inclusion or exclusion of certain events in history education affect societal understanding and cohesion?,7. How do different cultures adapt to and interpret the impact of technological changes?
8. Is it acceptable to break the law if it means upholding justice or moral principles?,"8. Should religious symbols be allowed in public, secular spaces?",8. Should education systems embrace alternative methods like homeschooling over traditional schooling?,8. How do eating habits and table manners shape social interactions?,8. Can creating new traditions be as meaningful as maintaining longstanding ones?,"8. Can history ever be truly objective, or is it inherently influenced by the perspectives of those who record it?",8. Is reliance on technology altering human cognition and the way we process information?
9. Should corporations prioritize social responsibility over maximizing profits?,9. Can morality exist independently of religious frameworks?,9. Can individual lifestyle choices significantly contribute to environmental conservation efforts?,9. Should multilingualism be encouraged in monolingual societies?,9. How do migration and diaspora communities affect the preservation of traditional practices?,9. How have technological advancements throughout history altered the course of human civilization?,9. How does the digital age affect the authenticity and reliability of information we receive?
10. Can lying be ethically permissible in certain situations to prevent harm?,10. How should societies balance religious freedom with gender equality?,10. How does social media shape personal identities and influence lifestyle decisions?,"10. Can humor transcend cultural boundaries, or is it inherently culture-specific?",10. Should traditional arts and crafts be preserved in the face of technological advancements?,10. What role does oral history play in preserving the narratives of marginalized or indigenous communities?,"10. Can technology bridge epistemological gaps between societies, or does it create new divisions?"
11. Is it moral to implement surveillance technologies for the sake of public safety?,11. Should children be raised within a specific religion or allowed to choose their own beliefs?,11. Is it important to balance traditional customs with modern practices in everyday life?,11. How do attitudes toward aging and the elderly differ among cultures?,11. Is it appropriate to modify traditional ceremonies to make them more inclusive or accessible?,11. How have revolutionary movements shaped the political and social landscapes of the modern world?,11. To what extent does technology influence moral and ethical decision-making in contemporary society?
12. How should societies address historical injustices and their lingering effects?,12. Is it acceptable to critique or satirize religious doctrines and figures?,12. Should leisure time be focused on productivity or relaxation for overall well-being?,12. Should eye contact be maintained or avoided during conversations?,12. How do traditional gender roles embedded in cultural practices influence modern society?,12. Should historical figures be judged by contemporary moral and ethical standards?,"12. Is it possible for technology to be truly neutral, or is it inherently influenced by the values of its creators?"
13. Should intellectual property rights be upheld even if they restrict access to essential knowledge or medicine?,13. How do religious narratives shape national identities and histories?,13. How do different cultures perceive and care for the aging population?,13. Is direct communication more effective than indirect communication styles?,13. Should educational systems incorporate traditional knowledge and practices into their curricula?,13. How does the legacy of colonialism continue to influence global relationships and internal dynamics within former colonies?,13. How might virtual and augmented realities alter our ontological understanding of space and existence?
"14. Is it ethical to genetically modify organisms, including humans, for purposes such as disease prevention or enhancement of traits?",14. Should religious holidays be recognized as public holidays in multicultural societies?,14. Is following fashion trends essential for self-expression and cultural integration?,14. How does the perception of time influence productivity and relationships?,14. Can commercializing traditional customs and rituals harm their original intent and value?,14. In what ways have historical trade routes facilitated cultural exchange and the spread of ideas?,14. What role does technology play in shaping future social structures and power dynamics?
"15. Do people have a duty to intervene when witnessing wrongdoing, even at personal risk?",15. Can religious traditions hinder social progress and innovation?,15. Should community engagement take precedence over personal ambitions and interests?,15. Should gift-giving rituals be adapted to accommodate different cultural expectations?,15. Is it respectful or appropriative to adopt traditions from cultures different from one's own?,15. How has migration throughout history impacted cultural diversity and societal development?,"15. Should artificial intelligences have rights, and how would that challenge our legal and ethical frameworks?"
16. How should conflicts between cultural traditions and internationally recognized human rights be navigated?,16. Should places of worship be exempt from taxation?,16. How do attitudes toward marriage and cohabitation reflect societal values and norms?,16. Is it necessary to conform to local customs when traveling abroad?,16. How vital is the preservation of traditional languages to maintaining cultural heritage?,16. What are the consequences of historical revisionism on present-day societies?,16. How does the pervasive collection of data impact individual autonomy and notions of privacy?
17. Is the pursuit of artificial intelligence ethical if it could potentially displace human labor?,17. How do religious beliefs influence environmental stewardship and policies?,17. Is maintaining personal privacy more important than sharing experiences publicly?,17. How do concepts of modesty influence fashion and behavior?,17. Should traditional medicinal practices be integrated with or replaced by modern medicine?,17. How have religious movements throughout history influenced social change and cultural development?,17. Can technological progress be aligned with environmental sustainability and ethical responsibility?
18. How should wealth be distributed to balance fairness and incentive in society?,18. Is there a universal moral code shared among different religions?,18. What role should spirituality or religion play in shaping daily habits and routines?,18. Should notions of beauty be challenged to include diverse cultural aesthetics?,18. Can conflicting traditions coexist harmoniously within a single nation or community?,18. How should societies remember and honor histories of trauma while promoting healing and reconciliation?,"18. Does technology democratize access to knowledge, or does it reinforce existing inequalities?"
19. Is capital punishment a moral form of justice or an unethical practice?,19. Should religious leaders be involved in political leadership and policy-making?,"19. How do sleep patterns affect health, productivity, and quality of life across different lifestyles?",19. How does the role of hierarchy affect workplace dynamics in different cultures?,19. How do traditional family structures adapt to contemporary lifestyles and values?,19. What is the role of history in shaping individual and collective identities?,19. How do technological tools influence scientific methodologies and the perception of empirical evidence?
20. Should individuals have the right to choose assisted dying in cases of terminal illness?,20. How should education systems address the teaching of religion and spirituality?,20. Should stress management emphasize individual coping strategies or address societal pressures?,20. Should celebrations and festivals remain traditional or evolve with global influences?,20. Is the revival of ancient traditions beneficial for cultural identity in modern times?,20. How has the concept of leadership evolved across different historical periods and cultures?,"20. What are the implications of transhumanism for our understanding of life, death, and human evolution?"
21. Is it ethical to impose sanctions on nations if it leads to civilian suffering?,21. Can religious extremism be countered through dialogue and understanding?,21. Is owning pets ethical considering varying perspectives on animal rights and welfare?,21. Is it appropriate to incorporate elements from other cultures into one’s own practices?,21. Should traditional dress codes be upheld in public spaces or formal occasions?,21. How do differing historical narratives of the same event affect relationships between nations or groups?,21. How does technology affect the preservation and transmission of cultural knowledge and traditions?
22. How do we balance individual freedom with communal health during a pandemic?,22. Is it important to preserve ancient religious sites in the face of modernization?,22. Should travel be pursued for personal growth despite its environmental impact?,"22. How do concepts of hospitality vary, and what impact do they have on social cohesion?",22. How do oral storytelling traditions contribute to the preservation of history and culture?,22. What lessons can contemporary societies learn from the rise and fall of past civilizations?,"22. Is the digital divide primarily a technological issue or a socio-economic one, and how should it be addressed?"
23. Should parents have the right to determine the genetic traits of their future children?,23. How does religion affect perspectives on human rights issues?,23. How do cultural attitudes toward wealth and materialism influence perceptions of happiness?,23. Should communal living be promoted over nuclear family structures?,23. Is it acceptable to abandon traditions that no longer serve the needs of current society?,23. How have historical pandemics influenced changes in public health policies and societal behaviors?,23. In what ways might emerging technologies transform educational paradigms and the epistemology of learning?
24. Is whistleblowing a moral obligation or a betrayal of trust?,24. Should art and expression be limited to avoid offending religious sensibilities?,24. Is achieving career success more important than seeking personal fulfillment and happiness?,24. How does the value placed on education differ among various cultures?,24. Should governments play a role in preserving and promoting cultural traditions?,24. In what ways has art served as a historical record and a means of social or political commentary?,"24. Does technology challenge existing global power structures, or does it reinforce them?"
"25. Can moral values be universal, or are they inherently shaped by cultural contexts?",25. Can secularism and religiosity coexist within a single society?,25. Should individuals adopt a global mindset over preserving national or cultural identities in their lifestyles?,25. Is it better to prioritize harmony over honesty in interpersonal relationships?,"25. Can the fusion of different cultural traditions lead to a richer, more diverse society, or does it risk eroding original cultures?",25. How does understanding history inform our approach to current ethical dilemmas and decision-making?,"25. Should humans impose moral and ethical frameworks on artificial intelligence, and is it possible for AI to develop its own?"
